k,Player,Tm,2025-26,2026-27,2027-28,2028-29,2029-30,2030-31,Guaranteed,-9999
1,Stephen Curry,GSW,$59606817,$62587158,,,,,$122193975,curryst01
2,Joel Embiid,PHI,$55224526,$58100000,$62748000,$67396000,,,$176072526,embiijo01
3,Nikola Jokić,DEN,$55224526,$59033114,$62841702,,,,$114257640,jokicni01
4,Kevin Durant,HOU,$54708609,,,,,,$54708609,duranke01
5,Jayson Tatum,BOS,$54126450,$58456566,$62786682,$67116798,$71446914,,$242486496,tatumja01
6,Giannis Antetokounmpo,MIL,$54126450,$58456566,$62786682,,,,$112583016,antetgi01
7,Anthony Davis,DAL,$54126450,$58456566,$62786682,,,,$112583016,davisan02
8,Jimmy Butler,GSW,$54126450,$56832773,,,,,$110959223,butleji01
9,Damian Lillard,MIL,$68230450,$13398800,$14104000,,,,$54126450,lillada01
10,Bradley Beal,PHO,$59020270,$5621700,,,,,$53666270,bealbr01
11,Jaylen Brown,BOS,$53142264,$57078728,$61015192,$64951656,,,$236187840,brownja02
12,Devin Booker,PHO,$53142264,$57078728,$61015192,$64065952,$69191228,,$235302136,bookede01
13,Karl-Anthony Towns,NYK,$53142264,$57078728,$61015192,,,,$110220992,townska01
14,LeBron James,LAL,$52627153,,,,,,$52627153,jamesle01
15,Paul George,PHI,$51666090,$54126380,$56586670,,,,$105792470,georgpa01
16,Kawhi Leonard,LAC,$50000000,$50300000,,,,,$100300000,leonaka01
17,Zach LaVine,SAC,$47499660,$48967380,,,,,$47499660,lavinza01
18,Cade Cunningham,DET,$46394100,$50105628,$53817156,$57528684,$61240212,,$269085780,cunnica01
19,Evan Mobley,CLE,$46394100,$50105628,$53817156,$57528684,$61240212,,$269085780,mobleev01
20,Jamal Murray,DEN,$46394100,$50105628,$53817156,$57528684,,,$207845568,murraja01
21,Lauri Markkanen,UTA,$46394100,$46113154,$49824681,$53536209,,,$195868144,markkla01
22,Donovan Mitchell,CLE,$46394100,$50105628,$53817156,,,,$96499728,mitchdo01
23,Luka Dončić,LAL,$45999660,$49800000,$53784000,$57768000,,,$149583660,doncilu01
24,Trae Young,ATL,$45999660,$48967380,,,,,$45999660,youngtr01
25,Anthony Edwards,MIN,$45550512,$48924624,$52298736,$55672848,,,$202446720,edwaran01
26,Tyrese Haliburton,IND,$45550512,$48924624,$52298736,$55672848,,,$202446720,halibty01
27,Pascal Siakam,IND,$45550512,$48924624,$52298736,,,,$146773872,siakapa01
28,Domantas Sabonis,SAC,$42336000,$45472000,$48608000,,,,$136416000,sabondo01
29,OG Anunoby,NYK,$39568966,$42500000,$45431034,$48362068,,,$127500000,anunoog01
30,Zion Williamson,NOP,$39446090,$42166510,$44886930,,,,$126499530,willizi01
31,Ja Morant,MEM,$39446090,$42166510,$44886930,,,,$126499530,moranja01
32,Darius Garland,CLE,$39446090,$42166510,$44886930,,,,$126499530,garlada01
33,James Harden,LAC,$39182693,$42317307,,,,,,hardeja01
34,Scottie Barnes,TOR,$38661750,$41754690,$44847630,$47940570,$51033510,,$224238150,barnesc01
35,Franz Wagner,ORL,$38661750,$41754690,$44847630,$47940570,$51033510,,$224238150,wagnefr01
36,Shai Gilgeous-Alexander,OKC,$38333050,$40806150,$61005000,$65885400,$70765800,,$276795400,gilgesh01
37,Michael Porter Jr.,BRK,$38333050,$40806150,,,,,$50333050,portemi01
38,Brandon Ingram,TOR,$38095238,$40000000,$41904762,,,,$78095238,ingrabr01
39,Tyrese Maxey,PHI,$37958760,$40770520,$43582280,$46394040,,,$168705600,maxeyty01
40,LaMelo Ball,CHO,$37958760,$40770520,$43582280,$46394040,,,$168705600,ballla01
41,De'Aaron Fox,SAS,$37096620,$49800000,$53784000,$57768000,$61752000,,$260200620,foxde01
42,Bam Adebayo,MIA,$37096620,$49800000,$53784000,$57768000,,,$140680620,adebaba01
43,Desmond Bane,ORL,$36725670,$39446090,$42166510,$44886930,,,$163225200,banede01
44,Kyrie Irving,DAL,$36566002,$39491282,$42416562,,,,$76057284,irvinky01
45,Deandre Ayton,POR,$43654814,$8104000,,,,,$35550814,aytonde01
46,Jaren Jackson Jr.,MEM,$35000000,$49000000,$50500000,$52000000,$53500000,,$186500000,jacksja02
47,Jalen Suggs,ORL,$35000000,$32400000,$29600000,$26800000,$26700000,,$123800000,suggsja01
48,Rudy Gobert,MIN,$35000000,$36500000,$38000000,,,,$71500000,goberru01
49,Jalen Brunson,NYK,$34944001,$37739521,$40535041,$43330561,,,$113218563,brunsja01
50,Alperen Şengün,HOU,$33944954,$35642202,$37339450,$39036697,$39036697,,$145963303,sengual01
51,Jalen Green,PHO,$33584499,$36251166,$36000000,,,,$69835665,greenja05
52,Khris Middleton,WAS,$33296296,,,,,,$33296296,middlkh01
53,Immanuel Quickley,TOR,$32500000,$32500000,$32500000,$32500000,,,$130000000,quickim01
54,Jrue Holiday,POR,$32400000,$34800000,$37200000,,,,$67200000,holidjr01
55,Jerami Grant,POR,$32000001,$34206898,$36413790,,,,$66206899,grantje01
56,Jordan Poole,NOP,$31848215,$34044642,,,,,$65892857,poolejo01
57,Tyler Herro,MIA,$31000000,$33000000,,,,,$64000000,herroty01
58,Julius Randle,MIN,$30864198,$33333334,$35802468,,,,$64197532,randlju01
59,Dejounte Murray,NOP,$30801103,$32785071,$30751504,,,,$63586174,murrade01
60,Kristaps Porziņģis,ATL,$30731707,,,,,,$30731707,porzikr01
61,CJ McCollum,WAS,$30666666,,,,,,$30666666,mccolcj01
62,Jalen Johnson,ATL,$30000000,$30000000,$30000000,$30000000,$30000000,,$150000000,johnsja05
63,Isaiah Hartenstein,OKC,$28500000,$28500000,,,,,$28500000,harteis01
64,Andrew Wiggins,MIA,$28223215,$30169644,,,,,$28223215,wiggian01
65,Derrick White,BOS,$28100000,$30348000,$32596000,$34844000,,,$91044000,whitede01
66,RJ Barrett,TOR,$27705357,$29616071,,,,,$57321428,barrerj01
67,Anfernee Simons,BOS,$27678571,,,,,,$27678571,simonan01
68,Devin Vassell,SAS,$27000000,$27000000,$24652174,$27000000,,,$105652174,vassede01
69,Terry Rozier,MIA,$26643031,,,,,,$26643031,roziete01
70,Tobias Harris,DET,$26634146,,,,,,$26634146,harrito02
71,John Collins,LAC,$26580000,,,,,,$26580000,collijo01
72,Draymond Green,GSW,$25892857,$27678571,,,,,$53571428,greendr01
73,Nic Claxton,BRK,$25352272,$23147727,$20943184,,,,$69443183,claxtni01
74,Myles Turner,MIL,$25318251,$26584164,$27850077,$29115990,,,$79752492,turnemy01
75,Trey Murphy III,NOP,$25000000,$27000000,$29000000,$31000000,,,$112000000,murphtr02
76,Josh Giddey,CHI,$25000000,$25000000,$25000000,$25000000,,,$100000000,giddejo01
77,Miles Bridges,CHO,$25000000,$22826087,,,,,$47826087,bridgmi02
78,Fred VanVleet,HOU,$25000000,$25000000,,,,,$25000000,vanvlfr01
79,Mikal Bridges,NYK,$24900000,$33482145,$36160714,$38839285,$41517856,,$133382144,bridgmi01
80,DeMar DeRozan,SAC,$24570000,$25740000,,,,,$24570000,derozde01
81,Jaden McDaniels,MIN,$24393104,$26200001,$28006898,$29813790,,,$108413793,mcdanja02
82,De'Andre Hunter,CLE,$23303571,$24910714,,,,,$48214285,huntede01
83,Aaron Gordon,DEN,$22841455,$33658037,$36350680,$39043323,,,$92850172,gordoaa01
84,Jonathan Kuminga,GSW,$22500000,$24300000,,,,,$22500000,kuminjo01
85,Kyle Kuzma,MIL,$22410605,$20345152,,,,,$42755757,kuzmaky01
86,Kentavious Caldwell-Pope,MEM,$21621500,$21621500,,,,,$21621500,caldwke01
87,Marcus Smart,WAS,$26720855,$5390700,,,,,$21586855,smartma01
88,Naz Reid,MIN,$21551724,$23275862,$25000000,$26724138,$28448276,,$96551724,reidna01
89,Nikola Vučević,CHI,$21481481,,,,,,$21481481,vucevni01
90,Dillon Brooks,PHO,$21124110,$19992727,,,,,$41116837,brookdi01
91,Cameron Johnson,DEN,$21057065,$23062500,,,,,$44119565,johnsca02
92,Norman Powell,MIA,$20482758,,,,,,$20482758,powelno01
93,Jarrett Allen,CLE,$20000000,$28000000,$30240000,$32480000,,,$110720000,allenja01
94,Jakob Poeltl,TOR,$19500000,$19500000,$27300000,$29484000,$27300000,,$95784000,poeltja01
95,Josh Hart,NYK,$19472240,$20923760,$22375280,,,,$40396000,hartjo01
96,Jusuf Nurkić,UTA,$19375000,,,,,,$19375000,nurkiju01
97,Harrison Barnes,SAS,$19000000,,,,,,$19000000,barneha02
98,Collin Sexton,CHO,$18975000,,,,,,$18975000,sextoco01
99,Malik Monk,SAC,$18797619,$20190035,$21582451,,,,$38987654,monkma01
100,Santi Aldama,MEM,$18485916,$17007043,$17007043,,,,$35492959,aldamsa01
101,Rui Hachimura,LAL,$18259259,,,,,,$18259259,hachiru01
102,Luguentz Dort,OKC,$18222222,$18222222,,,,,$18222222,dortlu01
103,Alex Caruso,OKC,$18102000,$19550160,$20998320,$22446480,,,$81096960,carusal01
104,Ivica Zubac,LAC,$18102000,$19550160,$20998320,,,,$58650480,zubaciv01
105,Andrew Nembhard,IND,$18102000,$19550160,$20998320,,,,$58650480,nembhan01
106,Zach Collins,CHI,$18080496,,,,,,$18080496,colliza01
107,Patrick Williams,CHI,$18000000,$18000000,$18000000,$18000000,,,$54000000,willipa01
108,Kevin Huerter,CHI,$17991071,,,,,,$17991071,huertke01
109,Keldon Johnson,SAS,$17500000,$17500000,,,,,$35000000,johnske04
110,Grayson Allen,PHO,$16875000,$18125000,$19375000,,,,$35000000,allengr01
111,Duncan Robinson,DET,$26722692,$15992957,$15151222,,,,$16834692,robindu01
112,Klay Thompson,DAL,$16666667,$17460317,,,,,$34126984,thompkl01
113,Bogdan Bogdanović,LAC,$16020000,$16020000,,,,,$16020000,bogdabo01
114,Max Strus,CLE,$15936452,$16660836,,,,,$32597288,strusma01
115,Terance Mann,BRK,$15500000,$15500000,$16000000,,,,$47000000,mannte01
116,Paolo Banchero,ORL,$15334769,$41500000,$44820000,$48140000,$51460000,,$201254769,banchpa01
117,Nickeil Alexander-Walker,ATL,$15161800,$14403710,$15161800,$15919890,,,$44727310,alexani01
118,Onyeka Okongwu,ATL,$15000000,$16120000,$16880000,,,,$48000000,okongon01
119,Jonathan Isaac,ORL,$15000000,$14500000,$14500000,$15000000,,,$44000000,isaacjo01
120,Isaiah Stewart,DET,$15000000,$15000000,$15000000,,,,$30000000,stewais01
121,Daniel Gafford,DAL,$14386320,$17263584,$18126763,$18989942,,,$68766609,gaffoda01
122,Deni Avdija,POR,$14375000,$13125000,$11875000,,,,$39375000,avdijde01
123,Jordan Clarkson,UTA,$16581988,,,,,,$14285714,clarkjo01
124,P.J. Washington,DAL,$14152174,$19813044,$21398088,$22983132,$24568176,,$102914614,washipj01
125,Steven Adams,HOU,$14130434,$13000000,$11869566,,,,$39000000,adamsst01
126,Dennis Schröder,SAC,$14104000,$14809200,$15514400,,,,$28913200,schrode01
127,Caris LeVert,DET,$14104000,$14809200,,,,,$28913200,leverca01
128,Damian Lillard,POR,$68230450,$13398800,$14104000,,,,$27502800,lillada01
129,Obi Toppin,IND,$14000000,$15000000,$16025000,,,,$45025000,toppiob01
130,Corey Kispert,WAS,$13975000,$13975000,$13050000,$13050000,,,$41000000,kispeco01
131,Herbert Jones,NOP,$13937574,$14898786,$20858300,$22526964,$24195628,,$72221624,joneshe01
132,Austin Reaves,LAL,$13937574,$14898786,,,,,$13937574,reaveau01
133,Cooper Flagg,DAL,$13825920,$14517480,$15208680,$19178146,,,$28343400,flaggco01
134,Chet Holmgren,OKC,$13731368,$41500000,$44820000,$48140000,$51460000,,$199651368,holmgch01
135,Josh Green,CHO,$13666667,$14679012,,,,,$28345679,greenjo02
136,Grant Williams,CHO,$13645500,$14265750,,,,,$27911250,willigr01
137,Bobby Portis,MIL,$13445754,$14521414,$15597074,,,,$27967168,portibo01
138,Kelly Olynyk,SAS,$13445122,,,,,,$13445122,olynyke01
139,Victor Wembanyama,SAS,$13376880,$16868246,,,,,$30245126,wembavi01
140,Robert Williams,POR,$13285713,,,,,,$13285713,williro04
141,Zaccharie Risacher,ATL,$13197720,$13826040,$17434637,,,,$27023760,risacza01
142,Cole Anthony,MEM,$15396274,,,,,,$13100000,anthoco01
143,Mitchell Robinson,NYK,$12954546,,,,,,$12954546,robinmi01
144,Coby White,CHI,$12888889,,,,,,$12888889,whiteco01
145,Dorian Finney-Smith,HOU,$12700000,$13335000,$13335000,$13335000,,,$39370000,finnedo01
146,Brandon Clarke,MEM,$12500000,$12500000,,,,,$25000000,clarkbr01
147,Dylan Harper,SAS,$12370320,$12989040,$13607760,$17172994,,,$25359360,harpedy01
148,Isaiah Joe,OKC,$12362338,$11323006,$11323006,,,,$23685344,joeis01
149,Jabari Smith Jr.,HOU,$12350392,$23643411,$21751940,$23643411,$25534883,,$106924037,smithja05
150,Donte DiVincenzo,MIN,$11990000,$12535000,,,,,$24525000,divindo01
151,Brandon Miller,CHO,$11968800,$15104626,,,,,$27073426,millebr02
152,Alex Sarr,WAS,$11808240,$12370680,$15611798,,,,$24178920,sarral01
153,Davion Mitchell,MIA,$11600000,$12400000,,,,,$24000000,mitchda01
154,Moses Moody,GSW,$11574075,$12500000,$13425925,,,,$37500000,moodymo01
155,Jarred Vanderbilt,LAL,$11571429,$12428571,$13285714,,,,$24000000,vandeja01
156,Matisse Thybulle,POR,$11550000,,,,,,$11550000,thybuma01
157,Gabe Vincent,LAL,$11500000,,,,,,$11500000,vincega01
158,Keegan Murray,SAC,$11144093,,,,,,$11144093,murrake02
159,VJ Edgecombe,PHI,$11108880,$11663880,$12219720,$15445727,,,$22772760,edgecvj01
160,Luke Kornet,SAS,$11000000,$10450000,$9900000,$9350000,,,$24000000,kornelu01
161,Isaac Okoro,CHI,$11000000,$11814814,,,,,$22814814,okorois01
162,Aaron Nesmith,IND,$11000000,$11000000,,,,,$22000000,nesmiaa01
163,Maxi Kleber,LAL,$11000000,,,,,,$11000000,klebima01
164,Luke Kennard,ATL,$11000000,,,,,,$11000000,kennalu01
165,Wendell Carter Jr.,ORL,$10850000,$18102000,$19550160,$20998320,,,$48502160,cartewe01
166,Mike Conley,MIN,$10774038,,,,,,$10774038,conlemi01
167,Scoot Henderson,POR,$10748040,$13585523,,,,,$24333563,hendesc01
168,Reed Sheppard,HOU,$10603560,$11108880,$14041625,,,,$21712440,sheppre01
169,Jonas Valančiūnas,DEN,$10395000,$10000000,,,,,$10395000,valanjo01
170,T.J. McConnell,IND,$10200000,$11000000,$11800000,$11800000,,,$33000000,mccontj01
171,Royce O'Neale,PHO,$10125000,$10875000,$11625000,,,,$32625000,onealro01
172,Jaden Ivey,DET,$10107163,,,,,,$10107163,iveyja01
173,Aaron Wiggins,OKC,$10102803,$9224300,$8345797,$8345797,,,$27672900,wiggiaa01
174,Sam Hauser,BOS,$10044644,$10848215,$11651785,$12455356,,,$45000000,hausesa01
175,Kon Knueppel,CHO,$10015680,$10516560,$11017560,$13937214,,,$20532240,knuepko01
176,Derrick Jones Jr.,LAC,$10000000,$10476190,,,,,$20476190,jonesde02
177,Lonzo Ball,CLE,$10000000,$10000000,,,,,$10000000,balllo01
178,Duncan Robinson,MIA,$26722692,$15992957,$15151222,,,,$9888000,robindu01
179,Amen Thompson,HOU,$9690600,$12258609,,,,,$21949209,thompam01
180,Caleb Martin,DAL,$9594044,$10001493,$9371351,,,,$19595537,martica02
181,Stephon Castle,SAS,$9560520,$10015920,$12670139,,,,$19576440,castlst01
182,Pat Connaughton,CHO,$9423869,,,,,,$9423869,connapa01
183,Buddy Hield,GSW,$9219512,$9658536,$10097560,,,,$18878048,hieldbu01
184,Kyle Anderson,UTA,$9219512,$9658536,,,,,$9219512,anderky01
185,Bennedict Mathurin,IND,$9187573,,,,,,$9187573,mathube01
186,Ace Bailey,UTA,$9069840,$9523080,$9976560,$12640302,,,$18592920,baileac01
187,Naji Marshall,DAL,$9000000,$9428571,,,,,$18428571,marshna01
188,Jalen Smith,CHI,$9000000,$9428571,,,,,$18428571,smithja04
189,Ty Jerome,MEM,$8781000,$9220050,$9659100,,,,$18001050,jeromty01
190,Ausar Thompson,DET,$8775000,$11117925,,,,,$19892925,thompau01
191,Brook Lopez,LAC,$8750000,$9187500,,,,,$8750000,lopezbr01
192,Quentin Grimes,PHI,$8741209,,,,,,$8741209,grimequ01
193,Ron Holland,DET,$8657280,$9069600,$11491183,,,,$17726880,hollaro01
194,Sam Merrill,CLE,$8482144,$9160715,$9839285,$10517856,,,$38000000,merrisa01
195,Jaylin Williams,OKC,$8450704,$7774648,$7774648,,,,$16225352,willija07
196,Shaedon Sharpe,POR,$8399983,,,,,,$8399983,sharpsh01
197,Kelly Oubre Jr.,PHI,$8382150,,,,,,$8382150,oubreke01
198,Goga Bitadze,ORL,$8333333,$7608696,,,,,$15942029,bitadgo01
199,Simone Fontecchio,MIA,$8307692,,,,,,$8307692,fontesi01
200,Tre Johnson,WAS,$8237640,$8649600,$9061680,$11490211,,,$16887240,johnstr03
201,Georges Niang,UTA,$8200000,,,,,,$8200000,niangge01
202,Zeke Nnaji,DEN,$8177778,$7466667,$7466667,,,,$15644445,nnajize01
203,Vasilije Micić,MIL,$8109150,,,,,,$8109150,micicva01
204,Deandre Ayton,LAL,$43654814,$8104000,,,,,$8104000,aytonde01
205,Tre Mann,CHO,$8000000,$8000000,$8000000,,,,$16000000,manntr01
206,Tre Jones,CHI,$8000000,$8000000,$8000000,,,,$16000000,jonestr01
207,Kevon Looney,NOP,$8000000,$8000000,,,,,$8000000,looneke01
208,Jock Landale,HOU,$10296274,,,,,,$8000000,landajo01
209,Anthony Black,ORL,$7970280,$10106316,,,,,$18076596,blackan01
210,Tidjane Salaün,CHO,$7863240,$8237880,$10445633,,,,$16101120,salauti01
211,Max Christie,DAL,$7714286,$8285714,$8857143,,,,$16000000,chrisma02
212,Dyson Daniels,ATL,$7707709,,,,,,$7707709,daniedy01
213,Isaiah Jackson,IND,$7600000,$7000000,$6400000,,,,$21000000,jacksis01
214,Jeremiah Fears,NOP,$7520040,$7896240,$8271960,$10505389,,,$15416280,fearsje01
215,Ayo Dosunmu,CHI,$7518518,,,,,,$7518518,dosunay01
216,Bilal Coulibaly,WAS,$7275600,$9240012,,,,,$16515612,coulibi01
217,Payton Pritchard,BOS,$7232143,$7767857,$8303571,,,,$23303571,pritcpa01
218,Donovan Clingan,POR,$7178400,$7519920,$9550298,,,,$14698320,clingdo01
219,Kenrich Williams,OKC,$7163000,$7163000,,,,,$7163000,willike04
220,Jeremy Sochan,SAS,$7096231,,,,,,$7096231,sochaje01
221,Tyus Jones,ORL,$7000000,,,,,,$7000000,jonesty01
222,Egor Demin,BRK,$6889200,$7233720,$7578240,$9639522,,,$14122920,demineg01
223,Jevon Carter,CHI,$6809524,,,,,,$6809524,carteje01
224,Clint Capela,HOU,$6700000,$7035000,$7370000,,,,$21105000,capelca01
225,Ousmane Dieng,OKC,$6670882,,,,,,$6670882,diengou01
226,Jarace Walker,IND,$6665520,$8478542,,,,,$15144062,walkeja02
227,Dean Wade,CLE,$6623456,,,,,,,wadede01
228,Jalen Williams,OKC,$6580997,$41500000,$44820000,$48140000,$51460000,,$192500997,willija06
229,Rob Dillingham,MIN,$6576120,$6889320,$8763216,,,,$13465440,dilliro01
230,Jalen Duren,DET,$6483144,,,,,,$6483144,durenja01
231,Ochai Agbaji,TOR,$6383525,,,,,,$6383525,agbajoc01
232,Collin Murray-Boyles,TOR,$6332520,$6649560,$6966000,$8874684,,,$12982080,murraco01
233,Mark Williams,PHO,$6276531,,,,,,$6276531,willima07
234,Day'Ron Sharpe,BRK,$6250000,$6250000,,,,,$6250000,sharpda01
235,Ziaire Williams,BRK,$6250000,$6250000,,,,,$6250000,willizi02
236,John Konchar,MEM,$6165000,$6165000,,,,,$12330000,konchjo01
237,Taylor Hendricks,UTA,$6127080,$7805900,,,,,$13932980,hendrta01
238,Saddiq Bey,NOP,$6118644,$6440678,,,,,$12559322,beysa01
239,Zach Edey,MEM,$6045000,$6332760,$8067937,,,,$12377760,edeyza01
240,Khaman Maluach,PHO,$6016080,$6316680,$6617160,$8436880,,,$12332760,maluakh01
241,Jake LaRavia,LAL,$6000000,$6000000,,,,,$12000000,laravja01
242,Jaden Hardy,DAL,$6000000,$6000000,$6000000,,,,$12000000,hardyja02
243,Cam Thomas,BRK,$5993172,,,,,,$5993172,thomaca02
244,Cason Wallace,OKC,$5820240,$7420806,,,,,$13241046,wallaca01
245,Cody Williams,UTA,$5742480,$6015600,$7669890,,,,$11758080,willico04
246,Cedric Coward,MEM,$5715120,$6001080,$6286920,$8342743,,,$11716200,cowarce01
247,Al Horford,GSW,$5685000,$5969250,,,,,$5685000,horfoal01
248,D'Angelo Russell,DAL,$5685000,$5969250,,,,,$5685000,russeda01
249,Tari Eason,HOU,$5675766,,,,,,$5675766,easonta01
250,Haywood Highsmith,BRK,$5616000,,,,,,$5616000,highsha01
251,Nicolas Batum,LAC,$5601600,$5881680,,,,,$5601600,batumni01
252,Jett Howard,ORL,$5529720,$7337939,,,,,$5529720,howarje01
253,Guerschon Yabusele,NYK,$5500000,$5775000,,,,,$5500000,yabusgu01
254,Matas Buzelis,CHI,$5455560,$5715360,$7584283,,,,$11170920,buzelma01
255,Noa Essengue,CHI,$5429520,$5701200,$5972760,$8230464,,,$11130720,essenno01
256,Dario Šarić,SAC,$5426400,,,,,,$5426400,saricda01
257,Kris Dunn,LAC,$5426400,$5684800,,,,,$5426400,dunnkr01
258,Dalen Terry,CHI,$5399118,,,,,,$5399118,terryda01
259,Bradley Beal,LAC,$59020270,$5621700,,,,,$5354000,bealbr01
260,Paul Reed,DET,$5335894,$5602689,,,,,$5335894,reedpa01
261,Dereck Lively II,DAL,$5253360,$7239131,,,,,$12492491,livelde01
262,Nikola Topić,OKC,$5182920,$5429760,$7482210,,,,$10612680,topicni01
263,Derik Queen,NOP,$5157960,$5416080,$5673840,$8107918,,,$10574040,queende01
264,Kevin Porter Jr.,MIL,$5134000,$5390700,,,,,$5134000,porteke02
265,Marcus Smart,LAL,$26720855,$5390700,,,,,$5134000,smartma01
266,Andre Drummond,PHI,$5000000,,,,,,$5000000,drumman01
267,Moritz Wagner,ORL,$5000000,,,,,,$5000000,wagnemo01
268,Nick Richards,PHO,$5000000,,,,,,,richani01
269,Gradey Dick,TOR,$4990560,$7131511,,,,,$12122071,dickgr01
270,Malaki Branham,WAS,$4962033,,,,,,$4962033,branhma01
271,Devin Carter,SAC,$4923720,$5158080,$7370897,,,,$10081800,cartede02
272,Christian Braun,DEN,$4921797,,,,,,$4921797,braunch01
273,Carter Bryant,SAS,$4900320,$5145360,$5390640,$7983539,,,$10045680,bryanca01
274,Walker Kessler,UTA,$4878938,,,,,,$4878938,kesslwa01
275,Jordan Hawkins,NOP,$4741320,$7021895,,,,,$11763215,hawkijo01
276,Blake Wesley,WAS,$7022602,,,,,,$4726328,weslebl01
277,Bub Carrington,WAS,$4677600,$4900560,$7257730,,,,$9578160,carrica01
278,Thomas Sorber,OKC,$4655040,$4887720,$5120400,$7849573,,,$9542760,sorbeth01
279,Kobe Bufkin,BRK,$4503720,,,,,,$4503720,bufkiko01
280,Jose Alvarado,NOP,$4500000,$4500000,,,,,$4500000,alvarjo01
281,Nikola Jović,MIA,$4445417,,,,,,$4445417,jovicni01
282,Kel'el Ware,MIA,$4443360,$4654920,$7135992,,,,$9098280,wareke01
283,Yang Hansen,POR,$4422360,$4643520,$4864920,$7462788,,,$9065880,yangha01
284,Peyton Watson,DEN,$4356476,,,,,,$4356476,watsope01
285,Miles McBride,NYK,$4333333,$3956523,,,,,$8289856,mcbrimi01
286,Keyonte George,UTA,$4278960,$6563925,,,,,$10842885,georgke01
287,Jared McCain,PHI,$4221360,$4422600,$6784268,,,,$8643960,mccaija01
288,Joan Beringer,MIN,$4201080,$4411200,$4621200,$7098163,,,$8612280,berinjo01
289,Kevin Love,UTA,$4150000,,,,,,$4150000,loveke01
290,Dalton Knecht,LAL,$4010160,$4201080,$6452860,,,,$8211240,knechda01
291,Ryan Rollins,MIL,$4000000,$4000000,$4000000,,,,$8000000,rolliry01
292,Dwight Powell,DAL,$4000000,,,,,,$4000000,poweldw01
293,Walter Clayton,UTA,$3991320,$4190520,$4390320,$6752312,,,$8181840,claytwa01
294,Jaime Jaquez Jr.,MIA,$3861600,$5939141,,,,,$9800741,jaqueja01
295,Nolan Traoré,BRK,$3811560,$4002000,$4193040,$6457282,,,$7813560,traorno01
296,Tristan Da Silva,ORL,$3809520,$3991200,$6138466,,,,$7800720,dasiltr01
297,Gary Trent Jr.,MIL,$3697105,$3881960,,,,,$3697105,trentga02
298,Brandin Podziemski,GSW,$3687960,$5679459,,,,,$9367419,podzibr01
299,Svi Mykhailiuk,UTA,$3675000,$3850000,$4025000,,,,,mykhasv01
300,Kasparas Jakucionis,MIA,$3658800,$3841680,$4024440,$6205687,,,$7500480,jakucka01
301,Ja'Kobe Walter,TOR,$3638160,$3811800,$5870172,,,,$7449960,walteja01
302,Gary Harris,MIL,$3634153,$3815861,,,,,$3634153,harriga01
303,Cam Whitmore,WAS,$3539760,$5458310,,,,,$8998070,whitmca01
304,Will Riley,WAS,$3512520,$3688320,$3864000,$6155352,,,$7200840,rileywi01
305,Jaylon Tyson,CLE,$3492480,$3658560,$5641500,,,,$7151040,tysonja01
306,P.J. Tucker,NYK,$3468960,,,,,,,tuckepj01
307,Jaxson Hayes,LAL,$3449323,,,,,,$3449323,hayesja02
308,Noah Clowney,BRK,$3398640,$5414034,,,,,$8812674,clownno01
309,Drake Powell,BRK,$3372240,$3540600,$3709320,$6101832,,,$6912840,poweldr01
310,Yves Missi,NOP,$3353040,$3512760,$5595827,,,,$6865800,missiyv01
311,Taurean Prince,MIL,$3303774,$3815861,,,,,$3303774,princta02
312,Dariq Whitehead,BRK,$3262560,,,,,,$3262560,whiteda01
313,Asa Newell,ATL,$3237480,$3399480,$3560880,$6042814,,,$6636960,newelas01
314,DaRon Holmes,DEN,$3218760,$3372120,$5547138,,,,$6590880,holmeda01
315,Kris Murray,POR,$3132000,$5315004,,,,,$8447004,murrakr01
316,Nique Clifford,SAC,$3108120,$3263400,$3418800,$5979481,,,$6371520,cliffni01
317,Nassir Little,PHO,$3107143,$3107143,$3107143,$3107143,,,$12428572,littlna01
318,AJ Johnson,WAS,$3090480,$3237120,$5493394,,,,$6327600,johnsaj01
319,De'Anthony Melton,GSW,$3080921,$3451779,,,,,$3080921,meltode01
320,Shake Milton,LAL,$3000000,$3287406,,,,,$6287406,miltosh01
321,Kyle Filipowski,UTA,$3000000,$3000000,$3000000,,,,$3000000,filipky01
322,Ajay Mitchell,OKC,$3000000,$2850000,$2850000,,,,$3000000,mitchaj01
323,Julian Champagnie,SAS,$3000000,$3000000,,,,,,champju02
324,Jase Richardson,ORL,$2983320,$3132360,$3282000,$5910882,,,$6115680,richaja02
325,Kyshawn George,WAS,$2966760,$3108000,$5435892,,,,$6074760,georgky01
326,Tony Bradley,IND,$2940876,,,,,,$2940876,bradlto01
327,Marcus Sasser,DET,$2886720,$5198983,,,,,$8085703,sassema01
328,Ben Saraf,BRK,$2884560,$3028560,$3172920,$5720776,,,$5913120,sarafbe01
329,Pacome Dadiet,NYK,$2847600,$2983680,$5373608,,,,$5831280,dadiepa01
330,Danny Wolf,BRK,$2801280,$2941440,$3081840,$5559640,,,$5742720,wolfda01
331,Ben Sheppard,IND,$2790720,$5031669,,,,,$7822389,sheppbe01
332,Hugo González,BOS,$2783880,$2923560,$3062640,$5528065,,,$5707440,gonzahu01
333,Liam McNeeley,CHO,$2763960,$2902080,$3040320,$5487778,,,$5666040,mcneeli01
334,Dillon Jones,WAS,$2753280,,,,,,$2753280,jonesdi01
335,Yanic Konan Niederhauser,LAC,$2743800,$2880960,$3018480,$5448356,,,$5624760,konanya01
336,Nick Smith Jr.,CHO,$2710680,,,,,,$2710680,smithni01
337,Brice Sensabaugh,UTA,$2693760,$4862237,,,,,$7555997,sensabr01
338,Julian Strawther,DEN,$2674200,$4826931,,,,,$7501131,strawju01
339,Terrence Shannon Jr.,MIN,$2674080,$2801640,$5054159,,,,$5475720,shannte01
340,Ryan Dunn,PHO,$2657760,$2784240,$5025553,,,,$5442000,dunnry01
341,Kobe Brown,LAC,$2654880,$4792059,,,,,$2654880,brownko01
342,Isaiah Collier,UTA,$2638200,$2763960,$4988948,,,,$5402160,colliis01
343,Baylor Scheierman,BOS,$2619000,$2744040,$4952993,,,,$5363040,scheiba01
344,Xavier Tillman Sr.,BOS,$2546675,,,,,,$2546675,tillmxa01
345,Chuma Okeke,CLE,$2546675,,,,,,,okekech01
346,Cam Spencer,MEM,$2537989,$2411090,$2616754,$2830685,,,$7565833,spencca01
347,Luka Garza,BOS,$2461463,$2801346,,,,,$5262809,garzalu01
348,Sandro Mamukelashvili,TOR,$2461463,$2801346,,,,,$2461463,mamuksa01
349,Trendon Watford,PHI,$2461463,$2801346,,,,,$2461463,watfotr01
350,Jericho Sims,MIL,$2461463,$2801346,,,,,$2461463,simsje01
351,Dru Smith,MIA,$2378870,$2584539,$2934742,,,,$2378870,smithdr01
352,Josh Minott,BOS,$2378870,$2584539,,,,,$2378870,minotjo01
353,Justin Champagnie,WAS,$2349578,$2667944,$3005085,,,,$5017522,champju01
354,Jordan Goodwin,PHO,$2349578,,,,,,$2349578,goodwjo01
355,Jay Huff,IND,$2349578,$2667944,$3005085,,,,$2349578,huffja01
356,Keon Johnson,BRK,$2349578,,,,,,$2349578,johnske07
357,Neemias Queta,BOS,$2349578,$2667944,,,,,,quetane01
358,Vit Krejci,ATL,$2349578,$2667944,$3005085,,,,,krejcvi01
359,Keon Ellis,SAC,$2301587,,,,,,$2301587,elliske01
360,A.J. Green,MIL,$2301587,,,,,,$2301587,greenaj01
361,Vince Williams Jr.,MEM,$2301587,$2489752,,,,,$2301587,willivi01
362,Anthony Gill,WAS,$2296274,,,,,,$2296274,gillan01
363,Marvin Bagley III,WAS,$2296274,,,,,,$2296274,baglema01
364,Garrett Temple,TOR,$2296274,,,,,,$2296274,templga01
365,Bismack Biyombo,SAS,$2296274,,,,,,$2296274,biyombi01
366,Lindy Waters III,SAS,$2296274,,,,,,$2296274,waterli01
367,Jordan McLaughlin,SAS,$2296274,,,,,,$2296274,mclaujo01
368,Doug McDermott,SAC,$2296274,,,,,,$2296274,mcderdo01
369,Drew Eubanks,SAC,$2296274,,,,,,$2296274,eubandr01
370,Blake Wesley,POR,$7022602,,,,,,$2296274,weslebl01
371,Collin Gillespie,PHO,$2296274,,,,,,$2296274,gilleco01
372,Kyle Lowry,PHI,$2296274,,,,,,$2296274,lowryky01
373,Eric Gordon,PHI,$2296274,,,,,,$2296274,gordoer01
374,Landry Shamet,NYK,$2296274,,,,,,$2296274,shamela01
375,Jordan Clarkson,NYK,$16581988,,,,,,$2296274,clarkjo01
376,Bones Hyland,MIN,$2296274,,,,,,$2296274,hylanbo01
377,Joe Ingles,MIN,$2296274,,,,,,$2296274,inglejo01
378,Thanasis Antetokounmpo,MIL,$2296274,,,,,,$2296274,antetth01
379,Amir Coffey,MIL,$2296274,,,,,,$2296274,coffeam01
380,Cole Anthony,MIL,$15396274,,,,,,$2296274,anthoco01
381,Precious Achiuwa,MIA,,,,,,,$2296274,achiupr01
382,Jock Landale,MEM,$10296274,,,,,,$2296274,landajo01
383,Chris Paul,LAC,$2296274,,,,,,$2296274,paulch01
384,Josh Okogie,HOU,$2296274,,,,,,$2296274,okogijo01
385,Jeff Green,HOU,$2296274,,,,,,$2296274,greenje02
386,Aaron Holiday,HOU,$2296274,,,,,,$2296274,holidaa01
387,Jae'Sean Tate,HOU,$2296274,,,,,,$2296274,tateja01
388,Gary Payton II,GSW,$2296274,,,,,,$2296274,paytoga02
389,Javonte Green,DET,$2296274,,,,,,$2296274,greenja02
390,Tim Hardaway Jr.,DEN,$2296274,,,,,,$2296274,hardati02
391,Bruce Brown,DEN,$2296274,,,,,,$2296274,brownbr01
392,Dante Exum,DAL,$2296274,,,,,,$2296274,exumda01
393,Thomas Bryant,CLE,$2296274,,,,,,$2296274,bryanth01
394,Larry Nance Jr.,CLE,$2296274,,,,,,$2296274,nancela02
395,Mason Plumlee,CHO,$2296274,,,,,,$2296274,plumlma01
396,Chris Boucher,BOS,$2296274,,,,,,$2296274,bouchch01
397,Scotty Pippen Jr.,MEM,$2270735,$2461462,$2789215,,,,$2270735,pippesc02
398,JD Davison,BOS,$2270735,,,,,,$2270735,davisjd01
399,Brandon Williams,DAL,$2270735,,,,,,,willibr03
400,Moussa Diabaté,CHO,$2270735,$2461462,,,,,,diabamo01
401,Rayan Rupert,POR,$2221677,,,,,,$2221677,ruperra01
402,Toumani Camara,POR,$2221677,,,,,,$2221677,camarto01
403,Ricky Council IV,PHI,$2221677,,,,,,$2221677,councri01
404,GG Jackson II,MEM,$2221677,$2406205,,,,,$2221677,jacksgg01
405,Gui Santos,GSW,$2221677,,,,,,$2221677,santogu01
406,Jalen Pickett,DEN,$2221677,$2406205,,,,,$2221677,pickeja02
407,Hunter Tyson,DEN,$2221677,$2406205,,,,,$2221677,tysonhu01
408,Julian Phillips,CHI,$2221677,$2406205,,,,,$2221677,phillju01
409,Jalen Wilson,BRK,$2221677,,,,,,$2221677,wilsoja03
410,Jordan Walsh,BOS,$2221677,$2406205,,,,,$200000,walshjo01
411,Duop Reath,POR,$2221677,,,,,,,reathdu01
412,Leonard Miller,MIN,$2221677,$2406205,,,,,,millele01
413,Andre Jackson Jr.,MIL,$2221677,$2406205,,,,,,jacksan01
414,Trayce Jackson-Davis,GSW,$2221677,$2406205,,,,,,jackstr02
415,Craig Porter Jr.,CLE,$2221677,$2406205,,,,,,portecr01
416,Mouhamed Gueye,ATL,$2221677,$2406205,,,,,,gueyemo02
417,JaVale McGee,DAL,$2208856,$2208856,$2208856,,,,$6626568,mcgeeja01
418,Tyler Kolek,NYK,$2191897,$2296271,$2486995,,,,$4488168,kolekty01
419,Jaylen Clark,MIN,$2191897,,,,,,$2191897,clarkja02
420,Tyrese Martin,BRK,$2191897,,,,,,$2191897,martity01
421,Justin Edwards,PHI,$2048494,$2411090,$2616754,,,,$4459584,edwarju01
422,Nigel Hayes-Davis,PHO,$2048494,,,,,,$2048494,hayesni01
423,N'Faly Dante,ATL,$2048494,$2411090,,,,,,nfalyda01
424,Tyler Smith,MIL,$1955377,$2296271,,,,,$4251648,smithty02
425,Johnny Furphy,IND,$1955377,$2296271,$2486995,,,,$4251648,furphjo01
426,Jonathan Mogbo,TOR,$1955377,$2296271,,,,,$1955377,mogbojo01
427,Jamal Shead,TOR,$1955377,$2296271,,,,,$1955377,sheadja01
428,Oso Ighodaro,PHO,$1955377,$2296271,$2486995,,,,$1955377,ighodos01
429,Ariel Hukporti,NYK,$1955377,,,,,,$1955377,hukpoar01
430,Karlo Matković,NOP,$1955377,$2296271,,,,,$1955377,matkoka01
431,Keshad Johnson,MIA,$1955377,,,,,,$1955377,johnske10
432,Jaylen Wells,MEM,$1955377,$2296271,$2486995,,,,$1955377,wellsja01
433,Bronny James,LAL,$1955377,$2296271,$2486995,,,,$1955377,jamesbr02
434,Cam Christie,LAC,$1955377,$2296271,$2486995,,,,$1955377,chrisca02
435,Quinten Post,GSW,$1955377,,,,,,$1955377,postqu01
436,Isaac Jones,DET,$1955377,,,,,,$1955377,jonesis01
437,Bobi Klintman,DET,$1955377,$2296271,$2486995,,,,$1955377,klintbo01
438,Drew Timme,BRK,$1955377,,,,,,$1955377,timmedr01
439,Jamison Battle,TOR,$1955377,$2296271,,,,,,battlja01
440,Adem Bona,PHI,$1955377,$2296271,$2486995,,,,,bonaad01
441,Pelle Larsson,MIA,$1955377,$2296271,,,,,,larsspe01
442,Olivier-Maxence Prosper,DAL,$1002360,$1002360,$1002360,,,,$3007080,prospol01
443,James Wiseman,IND,$1000000,,,,,,$1000000,wisemja01
444,E.J. Liddell,PHO,$706898,$706898,,,,,$1413796,liddeej01
445,Mamadi Diakite,MEM,$464050,$464050,,,,,$928100,diakima01
446,Ricky Rubio,CLE,$424672,$424672,,,,,$849344,rubiori01
447,Didi Louzada,POR,$268032,$268032,$268032,$268032,,,$1072128,louzama01
448,Jaden Springer,NOP,$70732,,,,,,$70732,sprinja01